1,John van 't Schip,1992-1993,28,NED,Genoa,Serie A,29,1642,18.2,17,12,4,2,,,2,0,,,"FW,MF"
1,John van 't Schip,1993-1994,29,NED,Genoa,Serie A,21,1542,17.1,18,3,0,1,,,1,0,,,"FW,MF"
1,John van 't Schip,1994-1995,30,NED,Genoa,Serie A,33,2245,24.9,24,9,0,5,,,5,0,,,"FW,MF"
2,Mika Aaltonen,1988-1989,22,FIN,Bologna,Serie A,3,45,0.5,0,3,18,0,,,0,0,,,MF
3,Ismael Aaneba,2017-2018,18,FRA,Strasbourg,Ligue 1,0,0,,0,0,2,,,,,,,,DF
3,Ismael Aaneba,2018-2019,19,FRA,Strasbourg,Ligue 1,3,204,2.3,3,0,7,0,0,0,0,0,0,0,DF
3,Ismael Aaneba,2019-2020,20,FRA,Strasbourg,Ligue 1,0,0,,0,0,8,,,,,,,,DF
3,Ismael Aaneba,2020-2021,21,FRA,Strasbourg,Ligue 1,2,11,0.1,0,2,18,0,0,0,0,0,0,0,DF
4,Patrick van Aanholt,2009-2010,18,NED,Chelsea,Premier League,2,35,0.4,0,2,,0,0,0,0,0,0,0,DF
4,Patrick van Aanholt,2011-2012,20,NED,Wigan Athletic,Premier League,3,270,3.0,3,0,,0,0,0,0,0,0,0,DF
4,Patrick van Aanholt,2014-2015,23,NED,Sunderland,Premier League,28,2307,25.6,26,2,0,0,5,5,0,0,0,0,DF
4,Patrick van Aanholt,2015-2016,24,NED,Sunderland,Premier League,33,2970,33.0,33,0,4,4,3,7,4,0,0,0,DF
4,Patrick van Aanholt,2017-2018,26,NED,Crystal Palace,Premier League,28,2184,24.3,25,3,8,5,1,6,5,0,0,0,DF
4,Patrick van Aanholt,2018-2019,27,NED,Crystal Palace,Premier League,36,3195,35.5,36,0,2,3,2,5,3,0,0,0,DF
4,Patrick van Aanholt,2019-2020,28,NED,Crystal Palace,Premier League,29,2507,27.9,29,0,0,3,2,5,2,1,1,0,DF
4,Patrick van Aanholt,2020-2021,29,NED,Crystal Palace,Premier League,22,1777,19.7,20,2,11,0,1,1,0,0,0,0,DF
5,Max Aarons,2019-2020,19,ENG,Norwich City,Premier League,36,3240,36.0,36,0,0,0,1,1,0,0,0,0,DF
5,Max Aarons,2021-2022,21,ENG,Norwich City,Premier League,34,2881,32.0,32,2,2,0,2,2,0,0,0,0,DF
5,Max Aarons,2023-2024,23,ENG,Bournemouth,Premier League,20,1237,13.7,13,7,5,0,1,1,0,0,0,0,DF
6,Rolando Aarons,2014-2015,18,ENG,Newcastle Utd,Premier League,4,132,1.5,0,4,1,1,0,1,1,0,0,0,MF
6,Rolando Aarons,2015-2016,19,ENG,Newcastle Utd,Premier League,10,381,4.2,3,7,6,1,1,2,1,0,0,0,"DF,MF"
7,Brenden Aaronson,2022-2023,21,USA,Leeds United,Premier League,36,2372,26.4,28,8,2,1,3,4,1,0,0,0,"MF,FW"
7,Brenden Aaronson,2023-2024,22,USA,Union Berlin,Bundesliga,30,1267,14.1,14,16,2,2,2,4,2,0,0,0,"MF,FW"
8,Paxten Aaronson,2022-2023,18,USA,Eint Frankfurt,Bundesliga,7,173,1.9,0,7,6,0,0,0,0,0,0,0,"MF,DF"
8,Paxten Aaronson,2023-2024,19,USA,Eint Frankfurt,Bundesliga,7,101,1.1,1,6,7,0,1,1,0,0,0,0,MF
9,Sergio Abad Beyxer,2010-2011,21,ESP,Levante,La Liga,1,5,0.1,0,1,,0,0,0,0,0,0,0,MF
10,Manuel Abad,1988-1989,27,,Zaragoza,La Liga,0,0,0.0,0,0,,0,,,,,,,
11,Eduard Abadal,1996-1997,28,ESP,Extremadura,La Liga,0,0,0.0,0,0,,0,,,,,,,GK
12,Agustín Abadía,1988-1989,26,ESP,Logroñés,La Liga,38,3248,36.1,37,1,0,3,,,3,0,,,MF
12,Agustín Abadía,1989-1990,27,ESP,Atlético Madrid,La Liga,15,769,8.5,9,6,1,0,,,0,0,,,MF
12,Agustín Abadía,1990-1991,28,ESP,Logroñés,La Liga,33,2905,32.3,32,1,0,2,,,2,0,,,MF
12,Agustín Abadía,1991-1992,29,ESP,Logroñés,La Liga,23,1474,16.4,15,8,0,0,,,0,0,,,MF
12,Agustín Abadía,1992-1993,30,ESP,Logroñés,La Liga,38,3313,36.8,38,0,0,5,,,1,4,,,MF
12,Agustín Abadía,1994-1995,32,ESP,Compostela,La Liga,36,2935,32.6,33,3,0,2,,,2,0,,,MF
12,Agustín Abadía,1995-1996,33,ESP,Compostela,La Liga,14,378,4.2,3,11,0,0,,,0,0,,,MF
12,Agustín Abadía,1996-1997,34,ESP,Logroñés,La Liga,22,1895,21.1,21,1,0,1,,,1,0,,,MF
13,Álvaro Abajas,2024-2025,21,ESP,Leganés,La Liga,0,0,,0,0,2,,,,,,,,GK
14,Rodrigo Abajas,2024-2025,21,ESP,Valencia,La Liga,0,0,,0,0,2,,,,,,,,DF
15,Dani Abalo,2006-2007,18,ESP,Celta Vigo,La Liga,1,13,0.1,0,1,,0,,,0,0,,,"FW,MF"
16,James Abankwah,2022-2023,18,IRL,Udinese,Serie A,2,63,0.7,1,1,33,0,0,0,0,0,0,0,DF
16,James Abankwah,2023-2024,19,IRL,Udinese,Serie A,0,0,,0,0,6,,,,,,,,DF
16,James Abankwah,2024-2025,20,IRL,Udinese,Serie A,0,0,,0,0,2,,,,,,,,DF
17,Jacques Abardonado,1998-1999,20,FRA,Marseille,Ligue 1,2,30,0.3,0,2,2,0,,,0,0,,,DF
17,Jacques Abardonado,1999-2000,21,FRA,Marseille,Ligue 1,13,950,10.6,10,3,,2,0,2,2,0,0,0,DF
17,Jacques Abardonado,2000-2001,22,FRA,Marseille,Ligue 1,18,1193,13.3,13,5,,1,0,1,1,0,0,0,DF
17,Jacques Abardonado,2001-2002,23,FRA,Lorient,Ligue 1,28,2235,24.8,26,2,,0,1,1,0,0,0,0,DF
17,Jacques Abardonado,2002-2003,24,FRA,Nice,Ligue 1,38,3420,38.0,38,0,,1,0,1,1,0,0,0,DF
17,Jacques Abardonado,2003-2004,25,FRA,Nice,Ligue 1,34,2963,32.9,34,0,,0,0,0,0,0,0,0,DF
17,Jacques Abardonado,2004-2005,26,FRA,Nice,Ligue 1,31,2788,31.0,31,0,,0,1,1,0,0,0,0,DF
17,Jacques Abardonado,2005-2006,27,FRA,Nice,Ligue 1,32,2716,30.2,30,2,,1,0,1,1,0,0,0,DF
17,Jacques Abardonado,2006-2007,28,FRA,Nice,Ligue 1,30,2492,27.7,28,2,,0,0,0,0,0,0,0,DF
17,Jacques Abardonado,2008-2009,30,FRA,Valenciennes,Ligue 1,18,1252,13.9,14,4,,0,0,0,0,0,0,0,DF
17,Jacques Abardonado,2009-2010,31,FRA,Valenciennes,Ligue 1,15,1047,11.6,13,2,,0,0,0,0,0,0,0,DF
18,Zakariya Abarouai,2013-2014,19,FRA,Evian,Ligue 1,1,26,0.3,0,1,,0,0,0,0,0,0,0,FW
18,Zakariya Abarouai,2014-2015,20,FRA,Evian,Ligue 1,0,0,,0,0,2,,,,,,,,FW
19,Beniamino Abate,1989-1990,27,ITA,Udinese,Serie A,6,540,6.0,6,0,28,0,,,0,0,,,GK
19,Beniamino Abate,1991-1992,29,ITA,Inter,Serie A,3,250,2.8,3,0,31,0,,,0,0,,,GK
19,Beniamino Abate,1992-1993,30,ITA,Inter,Serie A,7,550,6.1,5,2,26,0,,,0,0,,,GK
19,Beniamino Abate,1993-1994,31,ITA,Inter,Serie A,2,180,2.0,2,0,32,0,,,,,,,GK
19,Beniamino Abate,1995-1996,33,ITA,Cagliari,Serie A,15,1350,15.0,15,0,19,0,,,0,0,,,GK
19,Beniamino Abate,1996-1997,34,ITA,Cagliari,Serie A,3,270,3.0,3,0,31,0,,,,,,,GK
20,Giovanni Abate,1995-1996,19,ITA,Sampdoria,Serie A,1,56,0.6,1,0,1,0,,,0,0,,,MF
21,Ignazio Abate,2007-2008,20,ITA,Empoli,Serie A,24,1167,13.0,9,15,,1,2,3,1,0,0,0,"DF,MF"
21,Ignazio Abate,2008-2009,21,ITA,Torino,Serie A,25,1913,21.3,21,4,,1,2,3,1,0,0,0,"DF,MF"
21,Ignazio Abate,2009-2010,22,ITA,Milan,Serie A,30,2029,22.5,22,8,,0,0,0,0,0,0,0,"DF,MF"
21,Ignazio Abate,2010-2011,23,ITA,Milan,Serie A,29,2412,26.8,26,3,,0,1,1,0,0,0,0,"DF,MF"
21,Ignazio Abate,2011-2012,24,ITA,Milan,Serie A,29,2597,28.9,29,0,,0,2,2,0,0,0,0,"DF,MF"
21,Ignazio Abate,2012-2013,25,ITA,Milan,Serie A,27,2291,25.5,25,2,,0,2,2,0,0,0,0,"DF,MF"
21,Ignazio Abate,2013-2014,26,ITA,Milan,Serie A,19,1464,16.3,16,3,,1,0,1,1,0,0,0,"DF,MF"
21,Ignazio Abate,2014-2015,27,ITA,Milan,Serie A,23,1884,20.9,21,2,1,0,6,6,0,0,0,0,"DF,MF"
21,Ignazio Abate,2015-2016,28,ITA,Milan,Serie A,27,2248,25.0,27,0,3,1,1,2,1,0,0,0,DF
21,Ignazio Abate,2016-2017,29,ITA,Milan,Serie A,23,1924,21.4,22,1,3,0,2,2,0,0,0,0,DF
21,Ignazio Abate,2017-2018,30,ITA,Milan,Serie A,17,1057,11.7,11,6,15,1,0,1,1,0,0,0,DF
21,Ignazio Abate,2018-2019,31,ITA,Milan,Serie A,19,1302,14.5,15,4,19,0,0,0,0,0,0,0,DF
22,Matteo Abbate,2002-2003,18,ITA,Piacenza,Serie A,6,510,5.7,6,0,,0,,,0,0,,,DF
23,Christian Abbiati,1998-1999,21,ITA,Milan,Serie A,18,1531,17.0,17,1,,0,0,0,0,0,0,0,GK
23,Christian Abbiati,1999-2000,22,ITA,Milan,Serie A,29,2610,29.0,29,0,,0,0,0,0,0,0,0,GK
23,Christian Abbiati,2000-2001,23,ITA,Milan,Serie A,21,1817,20.2,20,1,,0,0,0,0,0,0,0,GK
23,Christian Abbiati,2001-2002,24,ITA,Milan,Serie A,34,3060,34.0,34,0,,0,0,0,0,0,0,0,GK
23,Christian Abbiati,2002-2003,25,ITA,Milan,Serie A,3,270,3.0,3,0,,0,0,0,0,0,0,0,GK
23,Christian Abbiati,2003-2004,26,ITA,Milan,Serie A,2,180,2.0,2,0,,0,0,0,0,0,0,0,GK
23,Christian Abbiati,2004-2005,27,ITA,Milan,Serie A,3,263,2.9,2,1,,0,0,0,0,0,0,0,GK
23,Christian Abbiati,2005-2006,28,ITA,Juventus,Serie A,19,1612,17.9,18,1,,0,0,0,0,0,0,0,GK
23,Christian Abbiati,2006-2007,29,ITA,Torino,Serie A,36,3235,35.9,36,0,,0,0,0,0,0,0,0,GK
23,Christian Abbiati,2007-2008,30,ITA,Atlético Madrid,La Liga,21,1804,20.0,20,1,,0,0,0,0,0,0,0,GK
23,Christian Abbiati,2008-2009,31,ITA,Milan,Serie A,28,2441,27.1,28,0,,0,0,0,0,0,0,0,GK
23,Christian Abbiati,2009-2010,32,ITA,Milan,Serie A,9,724,8.0,8,1,,0,0,0,0,0,0,0,GK
23,Christian Abbiati,2010-2011,33,ITA,Milan,Serie A,35,3078,34.2,35,0,,0,0,0,0,0,0,0,GK
23,Christian Abbiati,2011-2012,34,ITA,Milan,Serie A,31,2689,29.9,31,0,,0,0,0,0,0,0,0,GK
23,Christian Abbiati,2012-2013,35,ITA,Milan,Serie A,28,2444,27.2,28,0,,0,0,0,0,0,0,0,GK
23,Christian Abbiati,2013-2014,36,ITA,Milan,Serie A,28,2390,26.6,28,0,,0,0,0,0,0,0,0,GK
23,Christian Abbiati,2014-2015,37,ITA,Milan,Serie A,11,906,10.1,10,1,27,0,0,0,0,0,0,0,GK
23,Christian Abbiati,2015-2016,38,ITA,Milan,Serie A,1,72,0.8,0,1,35,0,0,0,0,0,0,0,GK
24,Pato Abbondanzieri,2006-2007,33,ARG,Getafe,La Liga,36,3215,35.7,36,0,,0,0,0,0,0,0,0,GK
24,Pato Abbondanzieri,2007-2008,34,ARG,Getafe,La Liga,34,3046,33.8,34,0,,0,0,0,0,0,0,0,GK
24,Pato Abbondanzieri,2008-2009,35,ARG,Getafe,La Liga,13,1083,12.0,13,0,,0,0,0,0,0,0,0,GK
25,George Abbott,2022-2023,16,ENG,Tottenham,Premier League,1,1,0.0,0,1,1,0,0,0,0,0,0,0,MF
26,Diego Abbrandini,2019-2020,17,ITA,Brescia,Serie A,0,0,,0,0,3,,,,,,,,GK
27,Elvis Abbruscato,2006-2007,25,ITA,Torino,Serie A,29,1432,15.9,15,14,,3,0,3,3,0,0,0,FW
27,Elvis Abbruscato,2008-2009,27,ITA,Torino,Serie A,10,388,4.3,2,8,,1,0,1,1,0,0,0,FW
27,Elvis Abbruscato,2009-2010,28,ITA,Chievo,Serie A,15,815,9.1,9,6,,2,1,3,2,0,0,0,FW
27,Elvis Abbruscato,2012-2013,31,ITA,Pescara,Serie A,25,1148,12.8,11,14,,2,0,2,2,0,0,0,FW
28,Hosny Abd Rabo,2005-2006,20,EGY,Strasbourg,Ligue 1,22,1802,20.0,20,2,,0,0,0,0,0,0,0,MF
29,Basit Abdallah,2020-2021,20,GHA,Benevento,Serie A,0,0,,0,0,13,,,,,,,,MF
30,Kassim Abdallah,2012-2013,25,COM,Marseille,Ligue 1,13,869,9.7,11,2,,0,0,0,0,0,0,0,DF
30,Kassim Abdallah,2014-2015,27,COM,Evian,Ligue 1,30,2581,28.7,29,1,4,0,3,3,0,0,0,0,DF
31,Keyliane Abdallah,2023-2024,17,FRA,Marseille,Ligue 1,1,4,0.0,0,1,1,0,0,0,0,0,0,0,FW
31,Keyliane Abdallah,2024-2025,18,FRA,Marseille,Ligue 1,1,3,0.0,0,1,0,0,0,0,0,0,0,0,FW
32,Mazhar Abdel Rahman,2002-2003,25,EGY,Monaco,Ligue 1,4,138,1.5,1,3,,0,0,0,0,0,0,0,FW
33,Yunis Abdelhamid,2016-2017,28,MAR,Dijon,Ligue 1,18,1314,14.6,15,3,9,0,0,0,0,0,0,0,DF
33,Yunis Abdelhamid,2018-2019,30,MAR,Reims,Ligue 1,38,3420,38.0,38,0,0,0,0,0,0,0,0,0,DF
33,Yunis Abdelhamid,2019-2020,31,MAR,Reims,Ligue 1,28,2520,28.0,28,0,0,3,0,3,3,0,0,0,DF
33,Yunis Abdelhamid,2020-2021,32,MAR,Reims,Ligue 1,33,2889,32.1,33,0,0,3,0,3,3,0,0,0,DF
33,Yunis Abdelhamid,2021-2022,33,MAR,Reims,Ligue 1,34,2983,33.1,34,0,0,2,0,2,2,0,0,0,DF
33,Yunis Abdelhamid,2022-2023,34,MAR,Reims,Ligue 1,37,3330,37.0,37,0,0,1,2,3,1,0,0,0,DF
33,Yunis Abdelhamid,2023-2024,35,MAR,Reims,Ligue 1,31,2781,30.9,31,0,0,4,0,4,3,1,1,0,DF
33,Yunis Abdelhamid,2024-2025,36,MAR,Saint-Étienne,Ligue 1,2,180,2.0,2,0,0,0,0,0,0,0,0,0,DF
34,Mohammed Abdellaoue,2010-2011,24,NOR,Hannover 96,Bundesliga,26,2086,23.2,26,0,,10,1,11,10,0,0,0,FW
34,Mohammed Abdellaoue,2011-2012,25,NOR,Hannover 96,Bundesliga,28,1990,22.1,27,1,,11,0,11,8,3,3,0,FW
34,Mohammed Abdellaoue,2012-2013,26,NOR,Hannover 96,Bundesliga,26,1036,11.5,12,14,,8,1,9,6,2,2,0,FW
34,Mohammed Abdellaoue,2013-2014,27,NOR,Stuttgart,Bundesliga,12,655,7.3,7,5,,1,1,2,1,0,0,0,FW
34,Mohammed Abdellaoue,2014-2015,28,NOR,Stuttgart,Bundesliga,0,0,,0,0,3,,,,,,,,FW
35,Yassine Abdellaoui,1996-1997,21,NED,Rayo Vallecano,La Liga,16,708,7.9,5,11,0,0,,,0,0,,,"FW,MF"
36,Himad Abdelli,2022-2023,22,ALG,Angers,Ligue 1,30,2137,23.7,24,6,6,2,2,4,2,0,0,0,"MF,FW"
36,Himad Abdelli,2024-2025,24,ALG,Angers,Ligue 1,2,180,2.0,2,0,0,0,0,0,0,0,0,0,"FW,MF"
37,Aymen Abdennour,2009-2010,19,TUN,Werder Bremen,Bundesliga,6,381,4.2,5,1,,0,0,0,0,0,0,0,DF
37,Aymen Abdennour,2011-2012,21,TUN,Toulouse,Ligue 1,32,2880,32.0,32,0,,2,0,2,2,0,0,0,DF
37,Aymen Abdennour,2012-2013,22,TUN,Toulouse,Ligue 1,30,2700,30.0,30,0,,1,2,3,1,0,0,0,DF
37,Aymen Abdennour,2014-2015,24,TUN,Monaco,Ligue 1,18,1525,16.9,17,1,7,0,0,0,0,0,0,0,DF
37,Aymen Abdennour,2015-2016,25,TUN,Valencia,La Liga,22,1851,20.6,22,0,3,0,0,0,0,0,0,0,DF
37,Aymen Abdennour,2016-2017,26,TUN,Valencia,La Liga,13,879,9.8,9,4,11,0,0,0,0,0,0,0,DF
37,Aymen Abdennour,2017-2018,27,TUN,Marseille,Ligue 1,8,499,5.5,6,2,18,0,0,0,0,0,0,0,DF
37,Aymen Abdennour,2018-2019,28,TUN,Marseille,Ligue 1,0,0,,0,0,3,,,,,,,,DF
38,Yacine Abdessadki,2000-2001,19,MAR,Strasbourg,Ligue 1,4,169,1.9,2,2,,0,0,0,0,0,0,0,MF
38,Yacine Abdessadki,2003-2004,22,MAR,Strasbourg,Ligue 1,22,1424,15.8,14,8,,0,0,0,0,0,0,0,MF
38,Yacine Abdessadki,2004-2005,23,MAR,Strasbourg,Ligue 1,35,2999,33.3,35,0,,6,2,8,6,0,0,0,MF
38,Yacine Abdessadki,2007-2008,26,MAR,Strasbourg,Ligue 1,23,1549,17.2,17,6,,0,2,2,0,0,0,0,MF
38,Yacine Abdessadki,2009-2010,28,MAR,Freiburg,Bundesliga,23,1801,20.0,20,3,,2,1,3,2,0,0,0,MF
38,Yacine Abdessadki,2010-2011,29,MAR,Freiburg,Bundesliga,21,1753,19.5,20,1,,0,0,0,0,0,0,0,MF
38,Yacine Abdessadki,2011-2012,30,MAR,Freiburg,Bundesliga,11,625,6.9,8,3,,0,0,0,0,0,0,0,MF
39,Almen Abdi,2009-2010,22,SUI,Le Mans,Ligue 1,13,785,8.7,9,4,,0,0,0,0,0,0,0,MF
39,Almen Abdi,2010-2011,23,SUI,Udinese,Serie A,19,634,7.0,6,13,,0,0,0,0,0,0,0,MF
39,Almen Abdi,2011-2012,24,SUI,Udinese,Serie A,23,920,10.2,9,14,,0,0,0,0,0,0,0,MF
39,Almen Abdi,2015-2016,28,SUI,Watford,Premier League,32,1974,21.9,25,7,4,2,0,2,2,0,0,0,MF
40,Pape Abdou Camara,2011-2012,19,SEN,Valenciennes,Ligue 1,11,699,7.8,8,3,,0,0,0,0,0,0,0,MF
40,Pape Abdou Camara,2012-2013,20,SEN,Valenciennes,Ligue 1,6,216,2.4,2,4,,0,0,0,0,0,0,0,MF
41,Nadjim Abdou,2006-2007,22,COM,Sedan,Ligue 1,17,1136,12.6,11,6,,0,0,0,0,0,0,0,MF
42,Djamel Abdoun,2003-2004,17,ALG,Ajaccio,Ligue 1,1,9,0.1,0,1,,0,0,0,0,0,0,0,MF
42,Djamel Abdoun,2004-2005,18,ALG,Ajaccio,Ligue 1,2,30,0.3,0,2,,0,0,0,0,0,0,0,MF
42,Djamel Abdoun,2005-2006,19,ALG,Ajaccio,Ligue 1,7,302,3.4,2,5,,2,0,2,2,0,0,0,MF
42,Djamel Abdoun,2008-2009,22,ALG,Nantes,Ligue 1,22,1139,12.7,12,10,,1,0,1,0,1,1,0,MF
43,Salis Abdul Samed,2021-2022,21,GHA,Clermont Foot,Ligue 1,31,2462,27.4,29,2,1,1,0,1,1,0,0,0,MF
43,Salis Abdul Samed,2022-2023,22,GHA,Lens,Ligue 1,33,2894,32.2,33,0,0,1,1,2,1,0,0,0,MF
43,Salis Abdul Samed,2023-2024,23,GHA,Lens,Ligue 1,27,1519,16.9,17,10,4,0,0,0,0,0,0,0,MF
44,Sabit Abdulai,2020-2021,21,GHA,Getafe,La Liga,3,60,0.7,0,3,16,0,0,0,0,0,0,0,MF
45,Rafidine Abdullah,2012-2013,18,COM,Marseille,Ligue 1,15,464,5.2,3,12,,0,0,0,0,0,0,0,MF
45,Rafidine Abdullah,2013-2014,19,COM,Lorient,Ligue 1,10,221,2.5,1,9,,0,0,0,0,0,0,0,MF
45,Rafidine Abdullah,2014-2015,20,COM,Lorient,Ligue 1,23,1522,16.9,18,5,5,0,1,1,0,0,0,0,MF
45,Rafidine Abdullah,2015-2016,21,COM,Lorient,Ligue 1,12,579,6.4,6,6,11,1,0,1,1,0,0,0,MF
46,Nura Abdullahi,2015-2016,17,NGA,Roma,Serie A,0,0,,0,0,6,,,,,,,,DF
46,Nura Abdullahi,2016-2017,18,NGA,Roma,Serie A,0,0,,0,0,1,,,,,,,,DF
46,Nura Abdullahi,2017-2018,19,NGA,Roma,Serie A,0,0,,0,0,5,,,,,,,,DF
47,Suleiman Abdullahi,2019-2020,22,NGA,Union Berlin,Bundesliga,6,157,1.7,1,5,5,1,0,1,1,0,0,0,"FW,MF"
47,Suleiman Abdullahi,2021-2022,24,NGA,Union Berlin,Bundesliga,0,0,,0,0,3,,,,,,,,"FW,MF"
48,Denis Abed,1995-1996,26,FRA,Lille,Ligue 1,14,925,10.3,10,4,0,0,,,0,0,,,FW
48,Denis Abed,1996-1997,27,FRA,Lille,Ligue 1,7,240,2.7,2,5,0,1,,,1,0,,,FW
49,Adam Abeddou,2023-2024,26,FRA,Lens,Ligue 1,0,0,,0,0,1,,,,,,,,MF
50,Eris Abedini,2020-2021,21,KVX,Granada,La Liga,0,0,,0,0,1,,,,,,,,MF
51,Aly Abeid,2017-2018,19,MTN,Levante,La Liga,1,77,0.9,1,0,1,0,0,0,0,0,0,0,DF
52,Mehdi Abeid,2014-2015,21,ALG,Newcastle Utd,Premier League,13,664,7.4,7,6,7,0,0,0,0,0,0,0,MF
52,Mehdi Abeid,2016-2017,23,ALG,Dijon,Ligue 1,28,2374,26.4,27,1,0,3,2,5,3,0,0,0,MF
52,Mehdi Abeid,2017-2018,24,ALG,Dijon,Ligue 1,19,1176,13.1,14,5,1,0,1,1,0,0,0,0,MF
52,Mehdi Abeid,2018-2019,25,ALG,Dijon,Ligue 1,26,2023,22.5,23,3,1,3,0,3,2,1,1,0,MF
52,Mehdi Abeid,2019-2020,26,ALG,Nantes,Ligue 1,25,1817,20.2,20,5,1,1,2,3,1,0,0,0,MF
52,Mehdi Abeid,2020-2021,27,ALG,Nantes,Ligue 1,18,1320,14.7,15,3,1,0,0,0,0,0,0,0,MF
53,Nelson Abeijón,1997-1998,24,URU,Racing Sant,La Liga,30,2228,24.8,25,5,0,2,,,2,0,,,MF
53,Nelson Abeijón,1998-1999,25,URU,Cagliari,Serie A,7,219,2.4,2,5,,0,0,0,0,0,0,0,MF
53,Nelson Abeijón,1999-2000,26,URU,Cagliari,Serie A,6,393,4.4,4,2,,0,0,0,0,0,0,0,MF
53,Nelson Abeijón,2004-2005,31,URU,Cagliari,Serie A,30,2353,26.1,28,2,,4,0,4,4,0,0,0,MF
53,Nelson Abeijón,2005-2006,32,URU,Cagliari,Serie A,28,2036,22.6,25,3,,2,0,2,2,0,0,0,MF
53,Nelson Abeijón,2006-2007,33,URU,Atalanta,Serie A,5,121,1.3,2,3,,0,0,0,0,0,0,0,MF
54,Abel,2024-2025,23,ESP,Osasuna,La Liga,2,149,1.7,2,0,0,0,0,0,0,0,0,0,DF
55,Abel,1990-1991,21,,Real Betis,La Liga,0,0,0.0,0,0,1,0,,,,,,,
56,Mathias Abel,2004-2005,23,GER,Mainz 05,Bundesliga,23,1854,20.6,22,1,,3,2,5,3,0,0,0,DF
56,Mathias Abel,2005-2006,24,GER,Mainz 05,Bundesliga,20,1527,17.0,18,2,,0,1,1,0,0,0,0,DF
56,Mathias Abel,2006-2007,25,GER,Hamburger SV,Bundesliga,8,416,4.6,4,4,,0,0,0,0,0,0,0,DF
56,Mathias Abel,2010-2011,29,GER,Kaiserslautern,Bundesliga,19,1663,18.5,19,0,,2,0,2,2,0,0,0,DF
56,Mathias Abel,2011-2012,30,GER,Kaiserslautern,Bundesliga,22,1838,20.4,20,2,,0,0,0,0,0,0,0,DF
57,Damià Abella,2004-2005,22,ESP,Barcelona,La Liga,9,458,5.1,5,4,,0,0,0,0,0,0,0,"DF,MF"
57,Damià Abella,2004-2005,22,ESP,Barcelona,La Liga,9,458,5.1,5,4,,0,0,0,0,0,0,0,"DF,MF"
57,Damià Abella,2005-2006,23,ESP,Racing Sant,La Liga,18,1368,15.2,15,3,,3,3,6,3,0,0,0,"DF,MF"
57,Damià Abella,2005-2006,23,ESP,Racing Sant,La Liga,18,1368,15.2,15,3,,3,3,6,3,0,0,0,"DF,MF"
57,Damià Abella,2007-2008,25,ESP,Betis,La Liga,26,2230,24.8,24,2,,0,0,0,0,0,0,0,"DF,MF"
57,Damià Abella,2008-2009,26,ESP,Betis,La Liga,25,1788,19.9,20,5,,2,0,2,2,0,0,0,"DF,MF"
57,Damià Abella,2010-2011,28,ESP,Osasuna,La Liga,27,1934,21.5,22,5,,0,0,0,0,0,0,0,"DF,MF"
57,Damià Abella,2011-2012,29,ESP,Osasuna,La Liga,30,2255,25.1,24,6,,0,0,0,0,0,0,0,"DF,MF"
58,Federico Abelli,2015-2016,18,ITA,Sassuolo,Serie A,0,0,,0,0,3,,,,,,,,MF
59,Loïc Abenzoar,2010-2011,21,FRA,Arles-Avignon,Ligue 1,12,732,8.1,10,2,,0,0,0,0,0,0,0,DF
60,Nabil Aberdin,2023-2024,20,FRA,Getafe,La Liga,2,180,2.0,2,0,3,0,0,0,0,0,0,0,DF
60,Nabil Aberdin,2024-2025,21,FRA,Getafe,La Liga,2,156,1.7,2,0,0,0,0,0,0,0,0,0,MF
61,Laurent Abergel,2013-2014,20,FRA,Marseille,Ligue 1,1,3,0.0,0,1,,0,0,0,0,0,0,0,"DF,MF"
61,Laurent Abergel,2014-2015,21,FRA,Marseille,Ligue 1,0,0,,0,0,4,,,,,,,,"DF,MF"
61,Laurent Abergel,2020-2021,27,FRA,Lorient,Ligue 1,38,2963,32.9,32,6,0,3,1,4,3,0,0,0,MF
61,Laurent Abergel,2021-2022,28,FRA,Lorient,Ligue 1,34,2956,32.8,34,0,0,0,2,2,0,0,0,0,MF
61,Laurent Abergel,2022-2023,29,FRA,Lorient,Ligue 1,29,2342,26.0,28,1,0,0,1,1,0,0,0,0,MF
61,Laurent Abergel,2023-2024,30,FRA,Lorient,Ligue 1,33,2860,31.8,32,1,0,2,1,3,2,0,0,0,MF
62,Mathías Abero,2012-2013,22,URU,Bologna,Serie A,10,264,2.9,1,9,,0,1,1,0,0,0,0,"DF,MF"
63,Charles Abi,2018-2019,18,FRA,Saint-Étienne,Ligue 1,3,32,0.4,0,3,4,0,0,0,0,0,0,0,"DF,FW"
63,Charles Abi,2019-2020,19,FRA,Saint-Étienne,Ligue 1,15,623,6.9,6,9,1,0,0,0,0,0,0,0,FW
63,Charles Abi,2020-2021,20,FRA,Saint-Étienne,Ligue 1,24,912,10.1,9,15,2,3,2,5,3,0,0,0,"FW,MF"
63,Charles Abi,2021-2022,21,FRA,Saint-Étienne,Ligue 1,1,45,0.5,1,0,0,0,0,0,0,0,0,0,FW
64,Dickson Abiama,2021-2022,22,NGA,Greuther Fürth,Bundesliga,24,726,8.1,5,19,8,0,1,1,0,0,0,0,FW
65,Éric Abidal,2000-2001,20,FRA,Monaco,Ligue 1,7,430,4.8,4,3,,0,0,0,0,0,0,0,DF
65,Éric Abidal,2001-2002,21,FRA,Monaco,Ligue 1,14,698,7.8,7,7,,0,0,0,0,0,0,0,DF
65,Éric Abidal,2002-2003,22,FRA,Lille,Ligue 1,27,2343,26.0,27,0,,0,1,1,0,0,0,0,DF
65,Éric Abidal,2003-2004,23,FRA,Lille,Ligue 1,35,3131,34.8,35,0,,0,0,0,0,0,0,0,DF
65,Éric Abidal,2004-2005,24,FRA,Lyon,Ligue 1,29,2533,28.1,29,0,,0,2,2,0,0,0,0,DF
65,Éric Abidal,2005-2006,25,FRA,Lyon,Ligue 1,14,1207,13.4,14,0,,0,2,2,0,0,0,0,DF
65,Éric Abidal,2006-2007,26,FRA,Lyon,Ligue 1,33,2750,30.6,31,2,,0,1,1,0,0,0,0,DF
65,Éric Abidal,2007-2008,27,FRA,Barcelona,La Liga,30,2523,28.0,28,2,,0,0,0,0,0,0,0,DF
65,Éric Abidal,2008-2009,28,FRA,Barcelona,La Liga,25,2116,23.5,25,0,,0,0,0,0,0,0,0,DF
65,Éric Abidal,2009-2010,29,FRA,Barcelona,La Liga,17,1410,15.7,15,2,,0,2,2,0,0,0,0,DF
65,Éric Abidal,2010-2011,30,FRA,Barcelona,La Liga,26,2023,22.5,23,3,,0,0,0,0,0,0,0,DF
65,Éric Abidal,2011-2012,31,FRA,Barcelona,La Liga,22,1762,19.6,20,2,,0,1,1,0,0,0,0,DF
65,Éric Abidal,2012-2013,32,FRA,Barcelona,La Liga,5,187,2.1,2,3,,0,0,0,0,0,0,0,DF
65,Éric Abidal,2013-2014,33,FRA,Monaco,Ligue 1,26,2310,25.7,26,0,,0,0,0,0,0,0,0,DF
66,Nabil Abidallah,2000-2001,17,NED,Ipswich Town,Premier League,2,14,0.2,0,2,,0,0,0,0,0,0,0,MF
67,Oliver Abildgaard,2022-2023,26,DEN,Hellas Verona,Serie A,13,592,6.6,6,7,5,0,0,0,0,0,0,0,MF
67,Oliver Abildgaard,2024-2025,28,DEN,Como,Serie A,1,7,0.1,0,1,0,0,0,0,0,0,0,0,MF
68,Terry Ablade,2022-2023,20,FIN,Fulham,Premier League,0,0,,0,0,2,,,,,,,,FW
69,Jim Ablancourt,2003-2004,20,FRA,Monaco,Ligue 1,4,167,1.9,2,2,,0,0,0,0,0,0,0,DF
70,Gary Ablett,1992-1993,26,ENG,Everton,Premier League,40,3600,40.0,40,0,,0,2,2,0,0,0,0,DF
70,Gary Ablett,1993-1994,27,ENG,Everton,Premier League,32,2880,32.0,32,0,,1,3,4,1,0,0,0,DF
70,Gary Ablett,1994-1995,28,ENG,Everton,Premier League,26,2230,24.8,26,0,,3,0,3,3,0,0,0,DF
70,Gary Ablett,1995-1996,29,ENG,Everton,Premier League,13,1017,11.3,13,0,,0,0,0,0,0,0,0,DF
71,Matthis Abline,2020-2021,17,FRA,Rennes,Ligue 1,1,2,0.0,0,1,3,0,0,0,0,0,0,0,FW
71,Matthis Abline,2021-2022,18,FRA,Rennes,Ligue 1,7,103,1.1,1,6,9,0,0,0,0,0,0,0,FW
71,Matthis Abline,2024-2025,21,FRA,Nantes,Ligue 1,2,165,1.8,2,0,0,0,0,0,0,0,0,0,FW
72,Abner,2022-2023,22,BRA,Betis,La Liga,13,607,6.7,7,6,8,0,0,0,0,0,0,0,DF
72,Abner,2023-2024,23,BRA,Betis,La Liga,23,1400,15.6,15,8,10,0,1,1,0,0,0,0,DF
72,Abner,2024-2025,24,BRA,Lyon,Ligue 1,2,156,1.7,2,0,0,0,0,0,0,0,0,0,DF
73,Pape Abou Cissé,2020-2021,24,SEN,Saint-Étienne,Ligue 1,14,1260,14.0,14,0,1,0,0,0,0,0,0,0,DF
74,Ahmed Abou Moslem,2005-2006,24,EGY,Strasbourg,Ligue 1,14,1053,11.7,14,0,,0,1,1,0,0,0,0,"DF,MF"
74,Ahmed Abou Moslem,2007-2008,26,EGY,Strasbourg,Ligue 1,2,91,1.0,1,1,,0,0,0,0,0,0,0,"DF,MF"
75,Samassi Abou,1995-1996,22,FRA,Lyon,Ligue 1,1,15,0.2,0,1,0,0,,,0,0,,,FW
75,Samassi Abou,1996-1997,23,FRA,Cannes,Ligue 1,27,1845,20.5,23,4,0,4,,,4,0,,,FW
75,Samassi Abou,1998-1999,25,FRA,West Ham,Premier League,3,188,2.1,2,1,,0,0,0,0,0,0,0,FW
76,Vincent Aboubakar,2010-2011,18,CMR,Valenciennes,Ligue 1,17,518,5.8,4,13,,1,1,2,1,0,0,0,FW
76,Vincent Aboubakar,2011-2012,19,CMR,Valenciennes,Ligue 1,27,2227,24.7,25,2,,6,3,9,6,0,0,0,FW
76,Vincent Aboubakar,2012-2013,20,CMR,Valenciennes,Ligue 1,28,1190,13.2,13,15,,2,1,3,2,0,0,0,FW
76,Vincent Aboubakar,2013-2014,21,CMR,Lorient,Ligue 1,35,2925,32.5,33,2,,16,7,23,14,2,2,0,FW
76,Vincent Aboubakar,2014-2015,22,CMR,Lorient,Ligue 1,2,180,2.0,2,0,0,1,0,1,0,1,1,0,FW
77,Hicham Aboucherouane,2005-2006,24,MAR,Lille,Ligue 1,12,849,9.4,11,1,,2,0,2,2,0,0,0,"FW,MF"
78,Zakaria Aboukhlal,2022-2023,22,MAR,Toulouse,Ligue 1,37,2473,27.5,28,9,0,10,5,15,10,0,0,0,"FW,MF"
78,Zakaria Aboukhlal,2023-2024,23,MAR,Toulouse,Ligue 1,13,754,8.4,9,4,0,3,0,3,2,1,1,0,"MF,FW"
78,Zakaria Aboukhlal,2024-2025,24,MAR,Toulouse,Ligue 1,2,180,2.0,2,0,0,0,0,0,0,0,0,0,"FW,MF"
79,Abdel Abqar,2020-2021,21,MAR,Alavés,La Liga,0,0,,0,0,2,,,,,,,,DF
79,Abdel Abqar,2021-2022,22,MAR,Alavés,La Liga,0,0,,0,0,16,,,,,,,,DF
79,Abdel Abqar,2023-2024,24,MAR,Alavés,La Liga,27,2312,25.7,27,0,4,0,0,0,0,0,0,0,DF
79,Abdel Abqar,2024-2025,25,MAR,Alavés,La Liga,2,180,2.0,2,0,0,0,0,0,0,0,0,0,DF
80,David Abraham,2013-2014,27,ARG,Hoffenheim,Bundesliga,20,1722,19.1,20,0,,2,0,2,2,0,0,0,DF
80,David Abraham,2014-2015,28,ARG,Hoffenheim,Bundesliga,14,894,9.9,9,5,14,0,0,0,0,0,0,0,DF
80,David Abraham,2015-2016,29,ARG,Eint Frankfurt,Bundesliga,31,2547,28.3,28,3,1,0,0,0,0,0,0,0,DF
80,David Abraham,2016-2017,30,ARG,Eint Frankfurt,Bundesliga,30,2584,28.7,30,0,0,1,1,2,1,0,0,0,DF
80,David Abraham,2017-2018,31,ARG,Eint Frankfurt,Bundesliga,27,2302,25.6,27,0,1,0,2,2,0,0,0,0,DF
80,David Abraham,2018-2019,32,ARG,Eint Frankfurt,Bundesliga,17,1420,15.8,17,0,3,0,0,0,0,0,0,0,DF
80,David Abraham,2019-2020,33,ARG,Eint Frankfurt,Bundesliga,20,1688,18.8,19,1,5,2,0,2,2,0,0,0,DF
80,David Abraham,2020-2021,34,ARG,Eint Frankfurt,Bundesliga,14,1222,13.6,14,0,0,1,0,1,1,0,0,0,DF
81,Tammy Abraham,2015-2016,17,ENG,Chelsea,Premier League,2,55,0.6,0,2,0,0,0,0,0,0,0,0,FW
81,Tammy Abraham,2017-2018,19,ENG,Swansea City,Premier League,31,1726,19.2,15,16,2,5,1,6,5,0,0,0,FW
81,Tammy Abraham,2019-2020,21,ENG,Chelsea,Premier League,34,2215,24.6,25,9,0,15,3,18,15,0,0,0,FW
81,Tammy Abraham,2020-2021,22,ENG,Chelsea,Premier League,22,1040,11.6,12,10,8,6,1,7,6,0,0,0,FW
81,Tammy Abraham,2022-2023,24,ENG,Roma,Serie A,38,2189,24.3,24,14,0,8,3,11,8,0,0,0,FW
81,Tammy Abraham,2023-2024,25,ENG,Roma,Serie A,8,242,2.7,2,6,1,1,0,1,1,0,0,0,FW
81,Tammy Abraham,2024-2025,26,ENG,Roma,Serie A,1,1,0.0,0,1,1,0,0,0,0,0,0,0,FW
82,Luis Abram,2021-2022,25,PER,Granada,La Liga,8,560,6.2,6,2,12,0,0,0,0,0,0,0,DF
83,Amir Abrashi,2016-2017,26,ALB,Freiburg,Bundesliga,20,1320,14.7,16,4,12,1,0,1,1,0,0,0,MF
83,Amir Abrashi,2017-2018,27,ALB,Freiburg,Bundesliga,12,850,9.4,11,1,3,0,0,0,0,0,0,0,MF
83,Amir Abrashi,2018-2019,28,ALB,Freiburg,Bundesliga,10,790,8.8,9,1,2,0,0,0,0,0,0,0,MF
83,Amir Abrashi,2019-2020,29,ALB,Freiburg,Bundesliga,13,663,7.4,8,5,14,0,0,0,0,0,0,0,MF
83,Amir Abrashi,2020-2021,30,ALB,Freiburg,Bundesliga,5,60,0.7,0,5,7,0,0,0,0,0,0,0,"MF,DF"
84,Fernando de Abreu Ferreira,2006-2007,21,BRA,Racing Sant,La Liga,1,6,0.1,0,1,,0,,,0,0,,,DF
85,Sebastián Abreu,1997-1998,20,URU,Dep La Coruña,La Liga,15,1077,12.0,12,3,0,3,,,3,0,,,FW
86,Fabrice Abriel,1999-2000,20,FRA,Paris S-G,Ligue 1,1,9,0.1,0,1,,0,,,0,0,,,MF
86,Fabrice Abriel,2000-2001,21,FRA,Paris S-G,Ligue 1,1,13,0.1,0,1,,0,0,0,0,0,0,0,MF
86,Fabrice Abriel,2006-2007,27,FRA,Lorient,Ligue 1,38,3420,38.0,38,0,,1,1,2,1,0,0,0,MF
86,Fabrice Abriel,2007-2008,28,FRA,Lorient,Ligue 1,38,3420,38.0,38,0,,2,2,4,2,0,0,0,MF
86,Fabrice Abriel,2008-2009,29,FRA,Lorient,Ligue 1,35,3060,34.0,35,0,,7,4,11,6,1,2,1,MF
86,Fabrice Abriel,2009-2010,30,FRA,Marseille,Ligue 1,32,1764,19.6,18,14,,1,3,4,1,0,0,0,MF
86,Fabrice Abriel,2010-2011,31,FRA,Marseille,Ligue 1,22,592,6.6,4,18,,0,0,0,0,0,0,0,MF
86,Fabrice Abriel,2011-2012,32,FRA,Nice,Ligue 1,27,1856,20.6,23,4,,0,2,2,0,0,0,0,MF
86,Fabrice Abriel,2012-2013,33,FRA,Nice,Ligue 1,28,1789,19.9,19,9,,1,2,3,1,0,0,0,MF
86,Fabrice Abriel,2013-2014,34,FRA,Nice,Ligue 1,25,1548,17.2,18,7,,0,1,1,0,0,0,0,MF
87,Vicent Abril Sanz,2023-2024,18,ESP,Valencia,La Liga,0,0,,0,0,5,,,,,,,,GK
88,Giuseppe Abruzzese,2003-2004,22,ITA,Lecce,Serie A,26,1897,21.1,21,5,,0,0,0,0,0,0,0,DF
88,Giuseppe Abruzzese,2004-2005,23,ITA,Lecce,Serie A,7,333,3.7,4,3,,0,0,0,0,0,0,0,DF
88,Giuseppe Abruzzese,2005-2006,24,ITA,Lecce,Serie A,5,424,4.7,5,0,,0,0,0,0,0,0,0,DF
89,Joel Abu Hanna,2015-2016,17,ISR,Leverkusen,Bundesliga,0,0,,0,0,1,,,,,,,,DF
90,Salim Abubakar,2021-2022,18,NIG,Sassuolo,Serie A,0,0,,0,0,3,,,,,,,,MF
90,Salim Abubakar,2023-2024,20,NIG,Sassuolo,Serie A,0,0,,0,0,1,,,,,,,,MF
91,Abuda,2005-2006,19,BRA,Wolfsburg,Bundesliga,1,9,0.1,0,1,,0,,,0,0,,,FW
92,Aleksandar Abutovic,1988-1989,22,,Nürnberg,Bundesliga,1,19,0.2,0,1,0,0,,,0,0,,,MF
92,Aleksandar Abutovic,1989-1990,23,,Nürnberg,Bundesliga,0,0,0.0,0,0,,0,,,,,,,MF
93,Gennaro Acampora,2020-2021,26,ITA,Spezia,Serie A,14,441,4.9,2,12,9,0,0,0,0,0,0,0,"MF,FW"
94,Mathieu Acapandié,2024-2025,19,FRA,Nantes,Ligue 1,0,0,,0,0,2,,,,,,,,DF
95,Santiago Acasiete,2007-2008,29,PER,Almería,La Liga,20,1373,15.3,17,3,,2,0,2,2,0,0,0,DF
95,Santiago Acasiete,2008-2009,30,PER,Almería,La Liga,17,1507,16.7,17,0,,1,0,1,1,0,0,0,DF
95,Santiago Acasiete,2009-2010,31,PER,Almería,La Liga,31,2735,30.4,31,0,,0,1,1,0,0,0,0,DF
95,Santiago Acasiete,2010-2011,32,PER,Almería,La Liga,20,1598,17.8,17,3,,0,0,0,0,0,0,0,DF
96,Marco Acatullo,2016-2017,18,ITA,Pescara,Serie A,0,0,,0,0,1,,,,,,,,FW
97,Andrea Accardi,2014-2015,19,ITA,Palermo,Serie A,0,0,,0,0,1,,,,,,,,DF
98,Giuseppe Accardi,1993-1994,29,ITA,Reggiana,Serie A,27,2053,22.8,23,4,7,0,,,0,0,,,DF
98,Giuseppe Accardi,1994-1995,30,ITA,Reggiana,Serie A,2,119,1.3,1,1,6,0,,,0,0,,,DF
99,Pietro Accardi,2004-2005,21,ITA,Palermo,Serie A,1,90,1.0,1,0,,0,0,0,0,0,0,0,DF
99,Pietro Accardi,2005-2006,22,ITA,Palermo,Serie A,6,407,4.5,4,2,,0,0,0,0,0,0,0,DF
99,Pietro Accardi,2006-2007,23,ITA,Sampdoria,Serie A,27,2320,25.8,25,2,,0,0,0,0,0,0,0,DF
99,Pietro Accardi,2007-2008,24,ITA,Sampdoria,Serie A,22,1635,18.2,18,4,,1,0,1,1,0,0,0,DF
99,Pietro Accardi,2008-2009,25,ITA,Sampdoria,Serie A,24,2122,23.6,24,0,,0,0,0,0,0,0,0,DF
99,Pietro Accardi,2009-2010,26,ITA,Sampdoria,Serie A,14,623,6.9,5,9,,0,0,0,0,0,0,0,DF
100,José Acciari,2003-2004,24,ARG,Real Murcia,La Liga,35,2910,32.3,34,1,,2,0,2,2,0,0,0,MF
101,Federico Accornero,2024-2025,20,ITA,Genoa,Serie A,0,0,,0,0,2,,,,,,,,MF
102,Jean Acedo,1995-1996,31,FRA,Gueugnon,Ligue 1,36,3239,36.0,36,0,0,0,,,0,0,,,DF
103,Christian Acella,2022-2023,20,ITA,Cremonese,Serie A,1,15,0.2,0,1,25,0,0,0,0,0,0,0,MF
104,Francesco Acerbi,2011-2012,23,ITA,Chievo,Serie A,17,1341,14.9,14,3,,1,0,1,1,0,0,0,DF
104,Francesco Acerbi,2013-2014,25,ITA,Sassuolo,Serie A,13,1084,12.0,11,2,,0,0,0,0,0,0,0,DF
104,Francesco Acerbi,2014-2015,26,ITA,Sassuolo,Serie A,32,2878,32.0,32,0,3,3,0,3,3,0,0,0,DF
104,Francesco Acerbi,2015-2016,27,ITA,Sassuolo,Serie A,36,3240,36.0,36,0,0,4,0,4,4,0,0,0,DF
104,Francesco Acerbi,2016-2017,28,ITA,Sassuolo,Serie A,38,3420,38.0,38,0,0,4,0,4,3,1,1,0,DF
104,Francesco Acerbi,2017-2018,29,ITA,Sassuolo,Serie A,38,3420,38.0,38,0,0,0,0,0,0,0,0,0,DF
104,Francesco Acerbi,2018-2019,30,ITA,Lazio,Serie A,37,3309,36.8,37,0,0,3,1,4,3,0,0,0,DF
104,Francesco Acerbi,2019-2020,31,ITA,Lazio,Serie A,36,3162,35.1,36,0,1,2,2,4,2,0,0,0,DF
104,Francesco Acerbi,2020-2021,32,ITA,Lazio,Serie A,32,2813,31.3,32,0,0,0,1,1,0,0,0,0,DF
104,Francesco Acerbi,2021-2022,33,ITA,Lazio,Serie A,30,2536,28.2,29,1,0,4,0,4,4,0,0,0,DF
104,Francesco Acerbi,2022-2023,34,ITA,Inter,Serie A,31,2425,26.9,25,6,3,0,2,2,0,0,0,0,DF
104,Francesco Acerbi,2023-2024,35,ITA,Inter,Serie A,29,2388,26.5,26,3,2,3,1,4,3,0,0,0,DF
104,Francesco Acerbi,2024-2025,36,ITA,Inter,Serie A,2,180,2.0,2,0,0,0,0,0,0,0,0,0,DF
105,Paolo Acerbis,2005-2006,24,ITA,Livorno,Serie A,2,180,2.0,2,0,,0,0,0,0,0,0,0,GK
105,Paolo Acerbis,2008-2009,27,ITA,Catania,Serie A,1,90,1.0,1,0,,0,0,0,0,0,0,0,GK
106,Álvaro Aceves,2022-2023,19,ESP,Valladolid,La Liga,1,13,0.1,0,1,13,0,0,0,0,0,0,0,GK
107,Karim Achahbar,2014-2015,18,MAR,Guingamp,Ligue 1,1,14,0.2,0,1,4,0,0,0,0,0,0,0,FW
107,Karim Achahbar,2017-2018,21,MAR,Guingamp,Ligue 1,0,0,,0,0,3,,,,,,,,FW
108,Ragnar Ache,2020-2021,22,GER,Eint Frankfurt,Bundesliga,7,100,1.1,0,7,3,1,0,1,1,0,0,0,"FW,DF"
108,Ragnar Ache,2021-2022,23,GER,Eint Frankfurt,Bundesliga,13,259,2.9,1,12,6,0,1,1,0,0,0,0,"MF,FW"
109,Geoffrey Acheampong,2016-2017,19,GHA,Bastia,Ligue 1,2,12,0.1,0,2,8,0,0,0,0,0,0,0,MF
110,Joshua Acheampong,2023-2024,17,ENG,Chelsea,Premier League,1,6,0.1,0,1,3,0,0,0,0,0,0,0,DF
111,Mohamed Achi,2021-2022,19,FRA,Nantes,Ligue 1,1,10,0.1,0,1,4,0,0,0,0,0,0,0,MF
111,Mohamed Achi,2022-2023,20,FRA,Nantes,Ligue 1,2,36,0.4,0,2,6,0,0,0,0,0,0,0,FW
111,Mohamed Achi,2023-2024,21,FRA,Nantes,Ligue 1,0,0,,0,0,1,,,,,,,,MF
112,Romain Achilli,2013-2014,20,FRA,Bastia,Ligue 1,2,135,1.5,2,0,,0,0,0,0,0,0,0,"DF,MF"
112,Romain Achilli,2014-2015,21,FRA,Bastia,Ligue 1,0,0,,0,0,3,,,,,,,,"DF,MF"
113,Hakeem Achour,2011-2012,22,ALG,Dijon,Ligue 1,1,4,0.0,0,1,,0,0,0,0,0,0,0,MF
114,Milenko Ačimovič,2002-2003,25,SVN,Tottenham,Premier League,17,494,5.5,4,13,,0,2,2,0,0,0,0,MF
114,Milenko Ačimovič,2003-2004,26,SVN,Lille,Ligue 1,16,1313,14.6,16,0,,6,1,7,4,2,2,0,MF
114,Milenko Ačimovič,2004-2005,27,SVN,Lille,Ligue 1,19,1115,12.4,15,4,,4,1,5,2,2,2,0,MF
114,Milenko Ačimovič,2005-2006,28,SVN,Lille,Ligue 1,12,810,9.0,12,0,,2,1,3,2,0,0,0,MF
115,Acorán,2001-2002,18,ESP,Tenerife,La Liga,10,378,4.2,3,7,,0,0,0,0,0,0,0,MF
116,Lautaro Acosta,2008-2009,20,ARG,Sevilla,La Liga,7,360,4.0,4,3,,0,0,0,0,0,0,0,"FW,MF"
116,Lautaro Acosta,2009-2010,21,ARG,Sevilla,La Liga,6,199,2.2,1,5,,0,0,0,0,0,0,0,"FW,MF"
116,Lautaro Acosta,2010-2011,22,ARG,Sevilla,La Liga,10,283,3.1,2,8,,0,1,1,0,0,0,0,"FW,MF"
116,Lautaro Acosta,2011-2012,23,ARG,Racing Sant,La Liga,21,1259,14.0,14,7,,2,0,2,2,0,0,0,"FW,MF"
117,Miguel Ángel Núñez Acosta,2004-2005,25,ESP,Numancia,La Liga,8,347,3.9,2,6,,0,0,0,0,0,0,0,MF
118,Antonio Acosta Rivera,1992-1993,20,ESP,Atlético Madrid,La Liga,4,325,3.6,4,0,1,0,,,0,0,,,MF
118,Antonio Acosta Rivera,1993-1994,21,ESP,Lleida,La Liga,9,509,5.7,6,3,0,0,,,0,0,,,MF
118,Antonio Acosta Rivera,1994-1995,22,ESP,Logroñés,La Liga,19,1325,14.7,14,5,0,0,,,0,0,,,MF
119,Maxwell Acosty,2011-2012,19,GHA,Fiorentina,Serie A,5,125,1.4,0,5,,0,0,0,0,0,0,0,"FW,MF"
119,Maxwell Acosty,2013-2014,21,GHA,Chievo,Serie A,7,118,1.3,0,7,,0,0,0,0,0,0,0,"FW,MF"
119,Maxwell Acosty,2016-2017,24,GHA,Crotone,Serie A,11,378,4.2,3,8,7,0,0,0,0,0,0,0,"MF,FW"
120,Robert Acquafresca,2005-2006,17,ITA,Treviso,Serie A,8,305,3.4,3,5,,0,0,0,0,0,0,0,FW
120,Robert Acquafresca,2007-2008,19,ITA,Cagliari,Serie A,32,1714,19.0,20,12,,10,1,11,8,2,2,0,FW
120,Robert Acquafresca,2008-2009,20,ITA,Cagliari,Serie A,36,2275,25.3,29,7,,14,0,14,10,4,4,0,FW
120,Robert Acquafresca,2010-2011,22,ITA,Cagliari,Serie A,37,2289,25.4,27,10,,8,1,9,8,0,1,1,FW
120,Robert Acquafresca,2011-2012,23,ITA,Bologna,Serie A,32,1594,17.7,17,15,,5,1,6,5,0,0,0,FW
120,Robert Acquafresca,2013-2014,25,ITA,Bologna,Serie A,19,752,8.4,6,13,,0,0,0,0,0,0,0,FW
120,Robert Acquafresca,2015-2016,27,ITA,Bologna,Serie A,6,208,2.3,2,4,20,0,0,0,0,0,0,0,FW
121,Afriyie Acquah,2010-2011,18,GHA,Palermo,Serie A,11,434,4.8,3,8,,0,0,0,0,0,0,0,MF
121,Afriyie Acquah,2011-2012,19,GHA,Palermo,Serie A,20,985,10.9,10,10,,0,0,0,0,0,0,0,MF
121,Afriyie Acquah,2012-2013,20,GHA,Parma,Serie A,13,540,6.0,4,9,,0,0,0,0,0,0,0,MF
121,Afriyie Acquah,2013-2014,21,GHA,Parma,Serie A,27,1787,19.9,19,8,,1,2,3,1,0,0,0,MF
121,Afriyie Acquah,2015-2016,23,GHA,Torino,Serie A,29,1888,21.0,22,7,2,2,3,5,2,0,0,0,MF
121,Afriyie Acquah,2016-2017,24,GHA,Torino,Serie A,20,1077,12.0,13,7,10,2,0,2,2,0,0,0,MF
121,Afriyie Acquah,2017-2018,25,GHA,Torino,Serie A,22,951,10.6,9,13,11,1,0,1,1,0,0,0,MF
121,Afriyie Acquah,2018-2019,26,GHA,Empoli,Serie A,28,1510,16.8,19,9,6,2,0,2,2,0,0,0,MF
122,Clarence Acuña,2002-2003,27,CHI,Newcastle Utd,Premier League,4,150,1.7,2,2,,0,0,0,0,0,0,0,MF
